No,Gym Name,Contact Number
1,The Cloud 9 Fitness Club - Andheri East,
2,IH Remind Fitness gym-Unisex Gym In MIDC-Unisex Gym In Andheri East,07989873329
3,"Powerr Vibes Gym Andheri, Mumbai",08104004857
4,i5 Fitness | Gym in Andheri East,09769155315
5,Waves Gym,02266787970
6,Sanctum | House of Wellness Andheri,02266787970
7,MUSCLE MADE FITNESS,07021366696
8,Plus Fitness 24/7 Andheri,07021366696
9,GOODLIFE FITNESS,09082092919
10,A Fitness Gym,09082092919
11,FORTUNE FITNESS-Best Gym facilities | body muscle|Fitness centre|workout |gym services in andheri east,09082092919
12,Extreme Fitness,09082092919
13,FITNESS ART,09082092919
14,Fitness Factory Andheri/Best gym in Andheri,09082092919
15,Fitness Legacy | Best Gym in Chakala,09619615000
16,The Fitness Vibe (Best Gym in Marol),09619615000
17,Planet Muscle Performance & Fitness Centre,08454941861
18,Power Factory Fitness Centre,09594389733
19,GROW STRONG GYM,09152291511
20,Figure Factory Gym,09152291511
21,MUSCULAR MIND GYM,09152291511
22,THE ENERGY HUB,09324550394
23,FITSQUAD FITNESS,09324550394
24,Zion Fitness Andheri East,09324550394
25,Lifestyle Fitness,07738258050
26,Ultimate Fitness Gym,07738258050
27,FITNESS ZONE,07738258050
28,Mind Muscle Connection Gym,07738258050
29,Fitness Boss The Gym,07738258050
30,Ignite Fitness,07738258050
31,ALIVE FITNESS,07738258050
32,Fitness Hub,07738258050
33,iZone Fitness,07738258050
34,Your Fitness Gym,07738258050
35,Apoorva Gym,07738258050
36,Big boss the gym,07738258050
37,Unique Gym,07738258050
38,Shiv Fitness,07738258050
39,K.R.Fitness,09967441595
40,BODYLIFE FITNESS HUB,09967441595
41,The Cloud 9 Fitness Club - Andheri West,09967441595
42,A S FITNESS FACTORY,09967441595
43,Why Not Fitness - Best Gym in Andheri West,09967441595
44,3 Musketeers Fitness club,08692066066
45,Fitness Hub - Biggest Gym in Mumbai,08692066066
46,Oneabove Fitness Andheri,08692066066
47,"Fitness Extreme - Gym in Andheri West, Mumbai",08692066066
48,Your Fitness,08692066066
49,Vikings Fitness Gym,08692066066
50,Adiyash Gym,08692066066
51,JDS Gym,08692066066
52,Muscle mechanic gym,08692066066
53,Rebellion Fitness,08692066066
54,Exousia Fitness,08692066066
55,Iron Hub,08692066066
56,Elixir Fitness Gym,08692066066
57,The Fitness Gym,08692066066
58,"Cult Andheri East, Mumbai | Best Fitness Center in Andheri East, Mumbai",08692066066
59,15RepMax - Indian Fitness Studio,08692066066
60,Shoaib fitness,09004891879
61,The gym 24×7,09004891879
62,Fitness Reborn,09004891879
63,The Strength Club,09004891879
64,Fit and Trim,09004891879
65,Dr.Anand's Fitness Art,09004891879
66,"Cult Gym Lokhandwala | Best Gym in Lokhandwala, Andheri West, Mumbai",09004891879
67,Tapout Fitness Andheri | Lokhandwala | Oshiwara,09004891879
68,SYKZ Gym,09004891879
69,Shivai Gym,09004891879
70,Andheri Gymkhana,09004891879
71,"Fitness First Platinum Crest Mukta | Best gym in Andheri West, Mumbai",09004891879
72,Savarkar Gym,09004891879
73,Vaaw Studio,09004891879
74,Body & Beats Studio-Zumba Fitness | Dance Workout | Bollywood Dance | Aerobics Fitness Centre Andheri East,09004891879
75,JI Fitness Studio,09004891879
76,TRY-FIT-CENTER GYM,09004891879
77,Fit x6 Fitness and Dance Studio,09004891879
78,Sher-E-Punjab Gymkhana and Health Club,09004891879
79,Uday Gymnasium,09773528810
80,Carewell Fitness - The Gym,09773528810
81,Bombay YMCA - Andheri Branch,09773528810
82,Euphoria GYM,09773528810
83,Faith Fitness,09773528810
84,The Killer Gym,09773528810
85,"AEROFIT Fitness-Fitness Equipment in Andheri -Treadmill Shop In Andheri,Mumbai-Home Gym Equipment Shop In Andheri,Mumbai",09594994953
86,Anytime Fitness Mumbai Regional Office,09594994953
87,Sanguine Fitness Studio,09594994953
88,RK Fitness Zumba,09594994953
89,Studio GYM,09594994953
90,Acme Fitness Pvt Ltd,09594994953
91,K.K. Boxing Academy & Fitness Centre,09594994953
92,Aerofit - Mumbai - The Complete Fitness Equipment Store.,08828424514
93,Country Club,08828424514
94,Yoddha Fighting & Fitness Academy,08828424514
95,PM POWER FITNESS,08828424514
96,"FitLine International (Gym Equipment, Fitness Equipment, Commercial Gym Setup)",08828424514
97,Fitternity,
98,Shree Swami Samarth gym,
99,Fitness club,
100,relive physiotherapy and fitness centre,
101,Crystal collection crystal hause Swami Samarth Gym,
102,Sudam Shelar - Personal Fitness Trainer in Mumbai,
103,Dassault MMA and Fitness academy,
104,"Perfect 10 Dance And Fitness Studio-Zumba, Yoga, Bollywood dance, Fitness Studio-Andheri West",
105,Shiv Sai Ganesh Fitness Gym,09137758157
106,Anytime Fitness,09137758157
107,Bikash Dance Fitness,09137758157
108,Fitbarn Fitness Studio,09137758157
109,BODY PUMP GYM,09137758157
110,YoFit Wellness,09137758157
111,Fit & Fine Slimming & Beauty,09137758157
112,CrossFit Kaali,09137758157
113,Mumbai Movement Academy Andheri,09137758157
114,Johnny Gym II,09137758157
115,FitnessForce Club Management Software,09137758157
116,"POWER POINT GYM, VILE PARLE",09137758157
117,Relive Dance and Fitness | Best Bollywood Dance & Yoga Class in Jb Nagar Andheri East,09920721778
118,Samarth gym,09920721778
